iter	Logloss
0	0.5924525665
1	0.5462346364
2	0.4785378775
3	0.4440520697
4	0.3899245688
5	0.3410355439
6	0.3103115447
7	0.282711248
8	0.2626409001
9	0.2342732323
